id,date,
1,29/04/2015,
2,29/04/2015,
3,29/04/2015,
4,29/04/2015,
5,29/04/2015,
6,29/04/2015,
7,28/04/2015,
8,28/04/2015,
9,28/04/2015,
10,27/04/2015,
11,27/04/2015,
12,27/04/2015,
13,24/04/2015,
14,23/04/2015,
15,23/04/2015,
16,23/04/2015,
17,23/04/2015,
18,23/04/2015,
19,22/04/2015,
20,22/04/2015,
21,20/04/2015,
22,20/04/2015,
23,20/04/2015,
24,20/04/2015,
25,17/04/2015,
26,16/04/2015,
27,16/04/2015,
28,15/04/2015,
29,15/04/2015,
30,15/04/2015,
31,14/04/2015,
32,13/04/2015,
33,13/04/2015,
34,13/04/2015,
35,13/04/2015,
36,13/04/2015,
37,11/04/2015,
38,10/04/2015,
39,09/04/2015,
40,09/04/2015,
41,09/04/2015,
42,09/04/2015,
43,08/04/2015,
44,08/04/2015,
45,08/04/2015,
46,07/04/2015,
47,07/04/2015,
48,07/04/2015,
49,06/04/2015,
50,04/04/2015,
51,04/04/2015,
52,03/04/2015,
53,30/05/2015,
54,28/05/2015,
55,28/05/2015,
56,27/05/2015,
57,27/05/2015,
58,27/05/2015,
59,26/05/2015,
60,26/05/2015,
61,26/05/2015,
62,25/05/2015,
63,22/05/2015,
64,22/05/2015,
65,20/05/2015,
66,19/05/2015,
67,19/05/2015,
68,19/05/2015,
69,19/05/2015,
70,19/05/2015,
71,19/05/2015,
72,15/05/2015,
73,14/05/2015,
74,14/05/2015,
75,12/05/2015,
76,12/05/2015,
77,12/05/2015,
78,08/05/2015,
79,08/05/2015,
80,08/05/2015,
81,07/05/2015,
82,07/05/2015,
83,07/05/2015,
84,06/05/2015,
85,06/05/2015,
86,05/05/2015,
87,05/05/2015,
88,05/05/2015,
89,05/05/2015,
90,04/05/2015,
91,04/05/2015,
92,04/05/2015,
93,01/05/2015,
94,01/05/2015,
95,30/06/2015,
96,30/06/2015,
97,29/06/2015,
98,29/06/2015,
99,29/06/2015,
100,26/06/2015,
101,26/06/2015,
102,25/06/2015,
103,25/06/2015,
104,24/06/2015,
105,24/06/2015,
106,23/06/2015,
107,23/06/2015,
108,23/06/2015,
109,22/06/2015,
110,22/06/2015,
111,21/06/2015,
112,20/06/2015,
113,20/06/2015,
114,19/06/2015,
115,19/06/2015,
116,18/06/2015,
117,18/06/2015,
118,17/06/2015,
119,16/06/2015,
120,15/06/2015,
121,15/06/2015,
122,12/06/2015,
123,11/06/2015,
124,11/06/2015,
125,10/06/2015,
126,09/06/2015,
127,09/06/2015,
128,09/06/2015,
129,09/06/2015,
130,08/06/2015,
131,05/06/2015,
132,05/06/2015,
133,05/06/2015,
134,04/06/2015,
135,04/06/2015,
136,04/06/2015,
137,04/06/2015,
138,03/06/2015,
139,03/06/2015,
140,03/06/2015,
141,03/06/2015,
142,03/06/2015,
143,02/06/2015,
144,02/06/2015,
145,01/06/2015,
146,01/06/2015,
147,01/06/2015,
148,01/06/2015,
149,01/06/2015,
150,01/06/2015,
151,01/06/2015,
152,31/07/2015,
153,31/07/2015,
154,31/07/2015,
155,30/07/2015,
156,30/07/2015,
157,30/07/2015,
158,30/07/2015,
159,30/07/2015,
160,29/07/2015,
161,29/07/2015,
162,29/07/2015,
163,29/07/2015,
164,28/07/2015,
165,28/07/2015,
166,28/07/2015,
167,28/07/2015,
168,27/07/2015,
169,25/07/2015,
170,24/07/2015,
171,23/07/2015,
172,23/07/2015,
173,23/07/2015,
174,23/07/2015,
175,23/07/2015,
176,23/07/2015,
177,22/07/2015,
178,22/07/2015,
179,21/07/2015,
180,20/07/2015,
181,20/07/2015,
182,17/07/2015,
183,17/07/2015,
184,16/07/2015,
185,15/07/2015,
186,15/07/2015,
187,15/07/2015,
188,14/07/2015,
189,14/07/2015,
190,14/07/2015,
191,14/07/2015,
192,14/07/2015,
193,13/07/2015,
194,13/07/2015,
195,10/07/2015,
196,10/07/2015,
197,10/07/2015,
198,09/07/2015,
199,09/07/2015,
200,08/07/2015,
201,08/07/2015,
202,08/07/2015,
203,08/07/2015,
204,08/07/2015,
205,08/07/2015,
206,08/07/2015,
207,08/07/2015,
208,08/07/2015,
209,07/07/2015,
210,07/07/2015,
211,06/07/2015,
212,04/07/2015,
213,03/07/2015,
214,03/07/2015,
215,02/07/2015,
216,02/07/2015,
217,02/07/2015,
218,01/07/2015,
219,01/07/2015,
220,01/07/2015,
221,31/08/2015,
222,31/08/2015,
223,28/08/2015,
224,28/08/2015,
225,26/08/2015,
226,26/08/2015,
227,26/08/2015,
228,25/08/2015,
229,25/08/2015,
230,25/08/2015,
231,25/08/2015,
232,24/08/2015,
233,24/08/2015,
234,21/08/2015,
235,20/08/2015,
236,20/08/2015,
237,20/08/2015,
238,19/08/2015,
239,19/08/2015,
240,18/08/2015,
241,18/08/2015,
242,18/08/2015,
243,18/08/2015,
244,17/08/2015,
245,17/08/2015,
246,17/08/2015,
247,14/08/2015,
248,14/08/2015,
249,13/08/2015,
250,13/08/2015,
251,13/08/2015,
252,12/08/2015,
253,12/08/2015,
254,12/08/2015,
255,12/08/2015,
256,11/08/2015,
257,11/08/2015,
258,11/08/2015,
259,11/08/2015,
260,11/08/2015,
261,10/08/2015,
262,10/08/2015,
263,10/08/2015,
264,10/08/2015,
265,10/08/2015,
266,10/08/2015,
267,10/08/2015,
268,07/08/2015,
269,07/08/2015,
270,06/08/2015,
271,06/08/2015,
272,06/08/2015,
273,06/08/2015,
274,05/08/2015,
275,05/08/2015,
276,05/08/2015,
277,05/08/2015,
278,05/08/2015,
279,05/08/2015,
280,04/08/2015,
281,03/08/2015,
282,03/08/2015,
283,03/08/2015,
284,01/08/2015,
285,01/08/2015,
286,30/09/2015,
287,30/09/2015,
288,30/09/2015,
289,29/09/2015,
290,29/09/2015,
291,29/09/2015,
292,29/09/2015,
293,28/09/2015,
294,24/09/2015,
295,24/09/2015,
296,24/09/2015,
297,24/09/2015,
298,23/09/2015,
299,23/09/2015,
300,23/09/2015,
301,22/09/2015,
302,22/09/2015,
303,22/09/2015,
304,22/09/2015,
305,22/09/2015,
306,21/09/2015,
307,21/09/2015,
308,21/09/2015,
309,18/09/2015,
310,18/09/2015,
311,18/09/2015,
312,18/09/2015,
313,17/09/2015,
314,17/09/2015,
315,16/09/2015,
316,16/09/2015,
317,16/09/2015,
318,15/09/2015,
319,15/09/2015,
320,15/09/2015,
321,15/09/2015,
322,14/09/2015,
323,14/09/2015,
324,14/09/2015,
325,12/09/2015,
326,11/09/2015,
327,11/09/2015,
328,10/09/2015,
329,10/09/2015,
330,10/09/2015,
331,08/09/2015,
332,07/09/2015,
333,07/09/2015,
334,07/09/2015,
335,07/09/2015,
336,04/09/2015,
337,04/09/2015,
338,04/09/2015,
339,03/09/2015,
340,03/09/2015,
341,02/09/2015,
342,02/09/2015,
343,01/09/2015,
344,01/09/2015,
345,01/09/2015,
346,31/10/2015,
347,30/10/2015,
348,30/10/2015,
349,30/10/2015,
350,30/10/2015,
351,30/10/2015,
352,29/10/2015,
353,28/10/2015,
354,28/10/2015,
355,27/10/2015,
356,27/10/2015,
357,27/10/2015,
358,26/10/2015,
359,26/10/2015,
360,26/10/2015,
361,26/10/2015,
362,26/10/2015,
363,23/10/2015,
364,23/10/2015,
365,23/10/2015,
366,23/10/2015,
367,21/10/2015,
368,21/10/2015,
369,21/10/2015,
370,20/10/2015,
371,20/10/2015,
372,19/10/2015,
373,19/10/2015,
374,17/10/2015,
375,14/10/2015,
376,14/10/2015,
377,13/10/2015,
378,13/10/2015,
379,12/10/2015,
380,12/10/2015,
381,09/10/2015,
382,09/10/2015,
383,09/10/2015,
384,09/10/2015,
385,09/10/2015,
386,08/10/2015,
387,08/10/2015,
388,08/10/2015,
389,08/10/2015,
390,07/10/2015,
391,07/10/2015,
392,06/10/2015,
393,06/10/2015,
394,06/10/2015,
395,06/10/2015,
396,06/10/2015,
397,05/10/2015,
398,05/10/2015,
399,05/10/2015,
400,05/10/2015,
401,03/10/2015,
402,02/10/2015,
403,30/11/2015,
404,30/11/2015,
405,30/11/2015,
406,27/11/2015,
407,26/11/2015,
408,26/11/2015,
409,26/11/2015,
410,25/11/2015,
411,25/11/2015,
412,25/11/2015,
413,24/11/2015,
414,24/11/2015,
415,23/11/2015,
416,23/11/2015,
417,21/11/2015,
418,21/11/2015,
419,20/11/2015,
420,20/11/2015,
421,20/11/2015,
422,20/11/2015,
423,19/11/2015,
424,19/11/2015,
425,19/11/2015,
426,18/11/2015,
427,18/11/2015,
428,18/11/2015,
429,17/11/2015,
430,17/11/2015,
431,17/11/2015,
432,17/11/2015,
433,17/11/2015,
434,17/11/2015,
435,16/11/2015,
436,16/11/2015,
437,16/11/2015,
438,12/11/2015,
439,11/11/2015,
440,11/11/2015,
441,10/11/2015,
442,09/11/2015,
443,09/11/2015,
444,09/11/2015,
445,09/11/2015,
446,09/11/2015,
447,09/11/2015,
448,06/11/2015,
449,06/11/2015,
450,06/11/2015,
451,06/11/2015,
452,06/11/2015,
453,05/11/2015,
454,05/11/2015,
455,04/11/2015,
456,04/11/2015,
457,03/11/2015,
458,03/11/2015,
459,03/11/2015,
460,03/11/2015,
461,03/11/2015,
462,02/11/2015,
463,02/11/2015,
464,29/12/2015,
465,29/12/2015,
466,28/12/2015,
467,28/12/2015,
468,24/12/2015,
469,24/12/2015,
470,23/12/2015,
471,23/12/2015,
472,22/12/2015,
473,22/12/2015,
474,22/12/2015,
475,22/12/2015,
476,21/12/2015,
477,21/12/2015,
478,21/12/2015,
479,18/12/2015,
480,18/12/2015,
481,17/12/2015,
482,17/12/2015,
483,16/12/2015,
484,16/12/2015,
485,16/12/2015,
486,15/12/2015,
487,14/12/2015,
488,14/12/2015,
489,14/12/2015,
490,11/12/2015,
491,11/12/2015,
492,11/12/2015,
493,10/12/2015,
494,10/12/2015,
495,10/12/2015,
496,10/12/2015,
497,10/12/2015,
498,10/12/2015,
499,10/12/2015,
500,09/12/2015,
501,09/12/2015,
502,09/12/2015,
503,08/12/2015,
504,07/12/2015,
505,07/12/2015,
506,07/12/2015,
507,07/12/2015,
508,04/12/2015,
509,04/12/2015,
510,04/12/2015,
511,03/12/2015,
512,03/12/2015,
513,02/12/2015,
514,01/12/2015,
515,01/12/2015,
516,01/12/2015,
517,01/12/2015,
518,29/01/2016,
519,29/01/2016,
520,29/01/2016,
521,29/01/2016,
522,29/01/2016,
523,28/01/2016,
524,28/01/2016,
525,27/01/2016,
526,27/01/2016,
527,25/01/2016,
528,25/01/2016,
529,22/01/2016,
530,22/01/2016,
531,22/01/2016,
532,22/01/2016,
533,22/01/2016,
534,21/01/2016,
535,21/01/2016,
536,21/01/2016,
537,21/01/2016,
538,20/01/2016,
539,20/01/2016,
540,20/01/2016,
541,20/01/2016,
542,19/01/2016,
543,19/01/2016,
544,19/01/2016,
545,19/01/2016,
546,19/01/2016,
547,18/01/2016,
548,15/01/2016,
549,14/01/2016,
550,13/01/2016,
551,13/01/2016,
552,13/01/2016,
553,13/01/2016,
554,12/01/2016,
555,12/01/2016,
556,12/01/2016,
557,11/01/2016,
558,11/01/2016,
559,11/01/2016,
560,08/01/2016,
561,08/01/2016,
562,08/01/2016,
563,07/01/2016,
564,07/01/2016,
565,07/01/2016,
566,06/01/2016,
567,06/01/2016,
568,06/01/2016,
569,06/01/2016,
570,06/01/2016,
571,05/01/2016,
572,05/01/2016,
573,05/01/2016,
574,04/01/2016,
575,29/02/2016,
576,26/02/2016,
577,26/02/2016,
578,25/02/2016,
579,25/02/2016,
580,25/02/2016,
581,24/02/2016,
582,24/02/2016,
583,24/02/2016,
584,24/02/2016,
585,23/02/2016,
586,22/02/2016,
587,22/02/2016,
588,22/02/2016,
589,22/02/2016,
590,22/02/2016,
591,19/02/2016,
592,19/02/2016,
593,18/02/2016,
594,18/02/2016,
595,18/02/2016,
596,17/02/2016,
597,17/02/2016,
598,17/02/2016,
599,16/02/2016,
600,16/02/2016,
601,16/02/2016,
602,15/02/2016,
603,15/02/2016,
604,15/02/2016,
605,15/02/2016,
606,15/02/2016,
607,12/02/2016,
608,12/02/2016,
609,12/02/2016,
610,12/02/2016,
611,10/02/2016,
612,10/02/2016,
613,10/02/2016,
614,08/02/2016,
615,08/02/2016,
616,08/02/2016,
617,06/02/2016,
618,05/02/2016,
619,05/02/2016,
620,05/02/2016,
621,05/02/2016,
622,04/02/2016,
623,03/02/2016,
624,03/02/2016,
625,03/02/2016,
626,03/02/2016,
627,02/02/2016,
628,02/02/2016,
629,02/02/2016,
630,02/02/2016,
631,30/03/2016,
632,29/03/2016,
633,29/03/2016,
634,29/03/2016,
635,29/03/2016,
636,28/03/2016,
637,24/03/2016,
638,23/03/2016,
639,23/03/2016,
640,23/03/2016,
641,23/03/2016,
642,22/03/2016,
643,22/03/2016,
644,22/03/2016,
645,22/03/2016,
646,21/03/2016,
647,19/03/2016,
648,18/03/2016,
649,17/03/2016,
650,17/03/2016,
651,17/03/2016,
652,17/03/2016,
653,16/03/2016,
654,16/03/2016,
655,15/03/2016,
656,15/03/2016,
657,15/03/2016,
658,14/03/2016,
659,14/03/2016,
660,10/03/2016,
661,10/03/2016,
662,10/03/2016,
663,09/03/2016,
664,09/03/2016,
665,09/03/2016,
666,09/03/2016,
667,08/03/2016,
668,08/03/2016,
669,08/03/2016,
670,07/03/2016,
671,07/03/2016,
672,07/03/2016,
673,07/03/2016,
674,07/03/2016,
675,04/03/2016,
676,04/03/2016,
677,04/03/2016,
678,04/03/2016,
679,03/03/2016,
680,03/03/2016,
681,02/03/2016,
682,02/03/2016,
683,29/04/2016,
684,29/04/2016,
685,28/04/2016,
686,28/04/2016,
687,27/04/2016,
688,27/04/2016,
689,26/04/2016,
690,26/04/2016,
691,26/04/2016,
692,25/04/2016,
693,25/04/2016,
694,22/04/2016,
695,22/04/2016,
696,20/04/2016,
697,19/04/2016,
698,19/04/2016,
699,19/04/2016,
700,18/04/2016,
701,15/04/2016,
702,15/04/2016,
703,15/04/2016,
704,15/04/2016,
705,14/04/2016,
706,13/04/2016,
707,13/04/2016,
708,13/04/2016,
709,13/04/2016,
710,12/04/2016,
711,11/04/2016,
712,11/04/2016,
713,11/04/2016,
714,08/04/2016,
715,06/04/2016,
716,06/04/2016,
717,06/04/2016,
718,06/04/2016,
719,04/04/2016,
720,01/04/2016,
721,31/05/2016,
722,31/05/2016,
723,31/05/2016,
724,30/05/2016,
725,26/05/2016,
726,26/05/2016,
727,25/05/2016,
728,25/05/2016,
729,24/05/2016,
730,23/05/2016,
731,20/05/2016,
732,19/05/2016,
733,19/05/2016,
734,19/05/2016,
735,18/05/2016,
736,18/05/2016,
737,18/05/2016,
738,18/05/2016,
739,16/05/2016,
740,13/05/2016,
741,13/05/2016,
742,12/05/2016,
743,12/05/2016,
744,12/05/2016,
745,11/05/2016,
746,11/05/2016,
747,10/05/2016,
748,10/05/2016,
749,10/05/2016,
750,10/05/2016,
751,10/05/2016,
752,09/05/2016,
753,09/05/2016,
754,09/05/2016,
755,07/05/2016,
756,06/05/2016,
757,05/05/2016,
758,04/05/2016,
759,04/05/2016,
760,04/05/2016,
761,04/05/2016,
762,04/05/2016,
763,04/05/2016,
764,04/05/2016,
765,04/05/2016,
766,03/05/2016,
767,03/05/2016,
768,03/05/2016,
769,01/05/2016,
770,01/05/2016,
771,30/06/2016,
772,30/06/2016,
773,30/06/2016,
774,29/06/2016,
775,29/06/2016,
776,29/06/2016,
777,28/06/2016,
778,28/06/2016,
779,28/06/2016,
780,28/06/2016,
781,27/06/2016,
782,27/06/2016,
783,27/06/2016,
784,24/06/2016,
785,24/06/2016,
786,24/06/2016,
787,24/06/2016,
788,24/06/2016,
789,23/06/2016,
790,23/06/2016,
791,22/06/2016,
792,21/06/2016,
793,21/06/2016,
794,21/06/2016,
795,21/06/2016,
796,21/06/2016,
797,17/06/2016,
798,17/06/2016,
799,17/06/2016,
800,16/06/2016,
801,16/06/2016,
802,16/06/2016,
803,15/06/2016,
804,14/06/2016,
805,14/06/2016,
806,14/06/2016,
807,13/06/2016,
808,10/06/2016,
809,09/06/2016,
810,08/06/2016,
811,08/06/2016,
812,08/06/2016,
813,08/06/2016,
814,08/06/2016,
815,07/06/2016,
816,07/06/2016,
817,07/06/2016,
818,07/06/2016,
819,07/06/2016,
820,06/06/2016,
821,03/06/2016,
822,03/06/2016,
823,02/06/2016,
824,02/06/2016,
825,21/07/2016,
826,21/07/2016,
827,20/07/2016,
828,20/07/2016,
829,19/07/2016,
830,19/07/2016,
831,19/07/2016,
832,19/07/2016,
833,18/07/2016,
834,18/07/2016,
835,18/07/2016,
836,15/07/2016,
837,15/07/2016,
838,15/07/2016,
839,15/07/2016,
840,14/07/2016,
841,14/07/2016,
842,13/07/2016,
843,13/07/2016,
844,13/07/2016,
845,13/07/2016,
846,12/07/2016,
847,11/07/2016,
848,11/07/2016,
849,11/07/2016,
850,08/07/2016,
851,07/07/2016,
852,07/07/2016,
853,06/07/2016,
854,06/07/2016,
855,06/07/2016,
856,05/07/2016,
857,05/07/2016,
858,05/07/2016,
859,04/07/2016,
860,04/07/2016,
861,04/07/2016,
862,04/07/2016,
863,02/07/2016,
864,01/07/2016,
865,31/08/2016,
866,30/08/2016,
867,30/08/2016,
868,30/08/2016,
869,30/08/2016,
870,30/08/2016,
871,29/08/2016,
872,29/08/2016,
873,29/08/2016,
874,29/08/2016,
875,26/08/2016,
876,26/08/2016,
877,26/08/2016,
878,25/08/2016,
879,25/08/2016,
880,24/08/2016,
881,24/08/2016,
882,24/08/2016,
883,24/08/2016,
884,24/08/2016,
885,24/08/2016,
886,23/08/2016,
887,23/08/2016,
888,22/08/2016,
889,19/08/2016,
890,19/08/2016,
891,17/08/2016,
892,17/08/2016,
893,16/08/2016,
894,16/08/2016,
895,16/08/2016,
896,16/08/2016,
897,16/08/2016,
898,12/08/2016,
899,12/08/2016,
900,12/08/2016,
901,12/08/2016,
902,11/08/2016,
903,11/08/2016,
904,11/08/2016,
905,10/08/2016,
906,10/08/2016,
907,08/08/2016,
908,08/08/2016,
909,08/08/2016,
910,06/08/2016,
911,04/08/2016,
912,03/08/2016,
913,03/08/2016,
914,02/08/2016,
915,02/08/2016,
916,01/08/2016,
917,01/08/2016,
918,01/08/2016,
919,01/08/2016,
920,01/08/2016,
921,30/09/2016,
922,29/09/2016,
923,29/09/2016,
924,28/09/2016,
925,28/09/2016,
926,28/09/2016,
927,28/09/2016,
928,27/09/2016,
929,23/09/2016,
930,22/09/2016,
931,22/09/2016,
932,22/09/2016,
933,22/09/2016,
934,21/09/2016,
935,21/09/2016,
936,21/09/2016,
937,21/09/2016,
938,20/09/2016,
939,19/09/2016,
940,19/09/2016,
941,16/09/2016,
942,16/09/2016,
943,15/09/2016,
944,15/09/2016,
945,15/09/2016,
946,14/09/2016,
947,13/09/2016,
948,12/09/2016,
949,12/09/2016,
950,12/09/2016,
951,12/09/2016,
952,10/09/2016,
953,10/09/2016,
954,09/09/2016,
955,08/09/2016,
956,08/09/2016,
957,07/09/2016,
958,07/09/2016,
959,07/09/2016,
960,07/09/2016,
961,06/09/2016,
962,06/09/2016,
963,06/09/2016,
964,01/09/2016,
965,31/10/2016,
966,30/10/2016,
967,29/10/2016,
968,29/10/2016,
969,29/10/2016,
970,27/10/2016,
971,27/10/2016,
972,27/10/2016,
973,26/10/2016,
974,26/10/2016,
975,25/10/2016,
976,25/10/2016,
977,25/10/2016,
978,24/10/2016,
979,24/10/2016,
980,21/10/2016,
981,19/10/2016,
982,19/10/2016,
983,19/10/2016,
984,18/10/2016,
985,18/10/2016,
986,17/10/2016,
987,17/10/2016,
988,15/10/2016,
989,15/10/2016,
990,15/10/2016,
991,14/10/2016,
992,14/10/2016,
993,14/10/2016,
994,13/10/2016,
995,13/10/2016,
996,11/10/2016,
997,11/10/2016,
998,10/10/2016,
999,07/10/2016,
1000,07/10/2016,
1001,07/10/2016,
1002,06/10/2016,
1003,06/10/2016,
1004,05/10/2016,
1005,04/10/2016,
1006,04/10/2016,
1007,04/10/2016,
1008,04/10/2016,
1009,04/10/2016,
1010,04/10/2016,
1011,04/10/2016,
1012,03/10/2016,
1013,03/10/2016,
1014,03/10/2016,
1015,30/11/2016,
1016,30/11/2016,
1017,30/11/2016,
1018,30/11/2016,
1019,30/11/2016,
1020,30/11/2016,
1021,30/11/2016,
1022,30/11/2016,
1023,30/11/2016,
1024,30/11/2016,
1025,29/11/2016,
1026,28/11/2016,
1027,28/11/2016,
1028,24/11/2016,
1029,23/11/2016,
1030,23/11/2016,
1031,23/11/2016,
1032,22/11/2016,
1033,22/11/2016,
1034,22/11/2016,
1035,22/11/2016,
1036,21/11/2016,
1037,21/11/2016,
1038,18/11/2016,
1039,17/11/2016,
1040,17/11/2016,
1041,16/11/2016,
1042,15/11/2016,
1043,15/11/2016,
1044,14/11/2016,
1045,10/11/2016,
1046,09/11/2016,
1047,09/11/2016,
1048,07/11/2016,
1049,07/11/2016,
1050,05/11/2016,
1051,05/11/2016,
1052,04/11/2016,
1053,04/11/2016,
1054,03/11/2016,
1055,03/11/2016,
1056,02/11/2016,
1057,02/11/2016,
1058,01/11/2016,
1059,29/12/2016,
1060,27/12/2016,
1061,26/12/2016,
1062,26/12/2016,
1063,23/12/2016,
1064,22/12/2016,
1065,22/12/2016,
1066,21/12/2016,
1067,21/12/2016,
1068,20/12/2016,
1069,20/12/2016,
1070,19/12/2016,
1071,16/12/2016,
1072,16/12/2016,
1073,15/12/2016,
1074,15/12/2016,
1075,15/12/2016,
1076,15/12/2016,
1077,14/12/2016,
1078,14/12/2016,
1079,14/12/2016,
1080,13/12/2016,
1081,13/12/2016,
1082,12/12/2016,
1083,12/12/2016,
1084,12/12/2016,
1085,12/12/2016,
1086,09/12/2016,
1087,09/12/2016,
1088,09/12/2016,
1089,08/12/2016,
1090,08/12/2016,
1091,07/12/2016,
1092,07/12/2016,
1093,06/12/2016,
1094,05/12/2016,
1095,02/12/2016,
1096,02/12/2016,
1097,01/12/2016,
1098,01/12/2016,
1099,01/12/2016,
1100,31/01/2017,
1101,30/01/2017,
1102,30/01/2017,
1103,30/01/2017,
1104,30/01/2017,
1105,26/01/2017,
1106,26/01/2017,
1107,25/01/2017,
1108,25/01/2017,
1109,25/01/2017,
1110,24/01/2017,
1111,24/01/2017,
1112,24/01/2017,
1113,23/01/2017,
1114,22/01/2017,
1115,19/01/2017,
1116,18/01/2017,
1117,18/01/2017,
1118,17/01/2017,
1119,17/01/2017,
1120,17/01/2017,
1121,17/01/2017,
1122,17/01/2017,
1123,17/01/2017,
1124,16/01/2017,
1125,16/01/2017,
1126,14/01/2017,
1127,13/01/2017,
1128,13/01/2017,
1129,12/01/2017,
1130,12/01/2017,
1131,10/01/2017,
1132,10/01/2017,
1133,10/01/2017,
1134,10/01/2017,
1135,10/01/2017,
1136,09/01/2017,
1137,07/01/2017,
1138,06/01/2017,
1139,03/01/2017,
1140,02/01/2017,
1141,28/02/2017,
1142,28/02/2017,
1143,27/02/2017,
1144,27/02/2017,
1145,23/02/2017,
1146,22/02/2017,
1147,21/02/2017,
1148,20/02/2017,
1149,18/02/2017,
1150,17/02/2017,
1151,17/02/2017,
1152,17/02/2017,
1153,17/02/2017,
1154,16/02/2017,
1155,16/02/2017,
1156,15/02/2017,
1157,15/02/2017,
1158,14/02/2017,
1159,14/02/2017,
1160,13/02/2017,
1161,13/02/2017,
1162,13/02/2017,
1163,13/02/2017,
1164,13/02/2017,
1165,13/02/2017,
1166,10/02/2017,
1167,09/02/2017,
1168,09/02/2017,
1169,08/02/2017,
1170,08/02/2017,
1171,08/02/2017,
1172,08/02/2017,
1173,07/02/2017,
1174,07/02/2017,
1175,06/02/2017,
1176,31/03/2017,
1177,31/03/2017,
1178,31/03/2017,
1179,31/03/2017,
1180,29/03/2017,
1181,29/03/2017,
1182,29/03/2017,
1183,29/03/2017,
1184,28/03/2017,
1185,28/03/2017,
1186,24/03/2017,
1187,24/03/2017,
1188,23/03/2017,
1189,23/03/2017,
1190,22/03/2017,
1191,21/03/2017,
1192,21/03/2017,
1193,21/03/2017,
1194,16/03/2017,
1195,16/03/2017,
1196,16/03/2017,
1197,15/03/2017,
1198,15/03/2017,
1199,10/03/2017,
1200,10/03/2017,
1201,09/03/2017,
1202,09/03/2017,
1203,08/03/2017,
1204,08/03/2017,
1205,08/03/2017,
1206,07/03/2017,
1207,07/03/2017,
1208,07/03/2017,
1209,07/03/2017,
1210,07/03/2017,
1211,06/03/2017,
1212,06/03/2017,
1213,06/03/2017,
1214,04/03/2017,
1215,03/03/2017,
1216,03/03/2017,
1217,03/03/2017,
1218,02/03/2017,
1219,02/03/2017,
1220,02/03/2017,
1221,02/03/2017,
1222,01/03/2017,
1223,01/03/2017,
1224,28/04/2017,
1225,27/04/2017,
1226,27/04/2017,
1227,26/04/2017,
1228,26/04/2017,
1229,26/04/2017,
1230,26/04/2017,
1231,25/04/2017,
1232,25/04/2017,
1233,24/04/2017,
1234,24/04/2017,
1235,24/04/2017,
1236,21/04/2017,
1237,20/04/2017,
1238,19/04/2017,
1239,18/04/2017,
1240,18/04/2017,
1241,18/04/2017,
1242,17/04/2017,
1243,17/04/2017,
1244,17/04/2017,
1245,17/04/2017,
1246,15/04/2017,
1247,14/04/2017,
1248,13/04/2017,
1249,12/04/2017,
1250,12/04/2017,
1251,12/04/2017,
1252,12/04/2017,
1253,11/04/2017,
1254,11/04/2017,
1255,10/04/2017,
1256,10/04/2017,
1257,08/04/2017,
1258,07/04/2017,
1259,06/04/2017,
1260,06/04/2017,
1261,05/04/2017,
1262,04/04/2017,
1263,04/04/2017,
1264,04/04/2017,
1265,04/04/2017,
1266,04/04/2017,
1267,04/04/2017,
1268,03/04/2017,
1269,03/04/2017,
1270,01/04/2017,
1271,31/05/2017,
1272,31/05/2017,
1273,30/05/2017,
1274,30/05/2017,
1275,29/05/2017,
1276,25/05/2017,
1277,24/05/2017,
1278,23/05/2017,
1279,23/05/2017,
1280,22/05/2017,
1281,22/05/2017,
1282,19/05/2017,
1283,18/05/2017,
1284,18/05/2017,
1285,17/05/2017,
1286,17/05/2017,
1287,16/05/2017,
1288,16/05/2017,
1289,15/05/2017,
1290,12/05/2017,
1291,12/05/2017,
1292,12/05/2017,
1293,11/05/2017,
1294,10/05/2017,
1295,10/05/2017,
1296,10/05/2017,
1297,09/05/2017,
1298,08/05/2017,
1299,08/05/2017,
1300,08/05/2017,
1301,08/05/2017,
1302,05/05/2017,
1303,03/05/2017,
1304,03/05/2017,
1305,02/05/2017,
1306,02/05/2017,
1307,02/05/2017,
1308,01/05/2017,
1309,01/05/2017,
1310,30/06/2017,
1311,30/06/2017,
1312,29/06/2017,
1313,28/06/2017,
1314,28/06/2017,
1315,27/06/2017,
1316,27/06/2017,
1317,26/06/2017,
1318,26/06/2017,
1319,26/06/2017,
1320,23/06/2017,
1321,23/06/2017,
1322,22/06/2017,
1323,22/06/2017,
1324,22/06/2017,
1325,21/06/2017,
1326,21/06/2017,
1327,21/06/2017,
1328,21/06/2017,
1329,20/06/2017,
1330,20/06/2017,
1331,19/06/2017,
1332,19/06/2017,
1333,16/06/2017,
1334,16/06/2017,
1335,16/06/2017,
1336,15/06/2017,
1337,14/06/2017,
1338,14/06/2017,
1339,13/06/2017,
1340,12/06/2017,
1341,12/06/2017,
1342,12/06/2017,
1343,12/06/2017,
1344,12/06/2017,
1345,09/06/2017,
1346,09/06/2017,
1347,08/06/2017,
1348,08/06/2017,
1349,08/06/2017,
1350,08/06/2017,
1351,07/06/2017,
1352,07/06/2017,
1353,06/06/2017,
1354,06/06/2017,
1355,06/06/2017,
1356,05/06/2017,
1357,28/07/2017,
1358,27/07/2017,
1359,26/07/2017,
1360,26/07/2017,
1361,25/07/2017,
1362,25/07/2017,
1363,21/07/2017,
1364,20/07/2017,
1365,19/07/2017,
1366,19/07/2017,
1367,17/07/2017,
1368,17/07/2017,
1369,14/07/2017,
1370,14/07/2017,
1371,12/07/2017,
1372,11/07/2017,
1373,11/07/2017,
1374,10/07/2017,
1375,07/07/2017,
1376,05/07/2017,
1377,05/07/2017,
1378,05/07/2017,
1379,04/07/2017,
1380,03/07/2017,
1381,01/07/2017,
1382,02/08/2017,
1383,02/08/2017,
1384,01/08/2017,
